,experiment,cloud,env,env_type,nodes,application,metric,value,gpu_count,setup
0,azure/aks/gpu,azure,aks,gpu,4,usernetes-vs-kubernetes,time_seconds,27.18,4,kubernetes
1,azure/aks/gpu,azure,aks,gpu,4,usernetes-vs-kubernetes,epoch_0_accuracy,0.6871,4,kubernetes
2,azure/aks/gpu,azure,aks,gpu,4,usernetes-vs-kubernetes,epoch_0_loss,0.829,4,kubernetes
3,azure/aks/gpu,azure,aks,gpu,4,usernetes-vs-kubernetes,epoch_1_accuracy,0.7611,4,kubernetes
4,azure/aks/gpu,azure,aks,gpu,4,usernetes-vs-kubernetes,epoch_1_loss,0.6528,4,kubernetes
5,azure/aks/gpu,azure,aks,gpu,4,usernetes-vs-kubernetes,epoch_2_accuracy,0.7758,4,kubernetes
6,azure/aks/gpu,azure,aks,gpu,4,usernetes-vs-kubernetes,epoch_2_loss,0.5945,4,kubernetes
7,azure/aks/gpu,azure,aks,gpu,4,usernetes-vs-kubernetes,epoch_3_accuracy,0.8073,4,kubernetes
8,azure/aks/gpu,azure,aks,gpu,4,usernetes-vs-kubernetes,epoch_3_loss,0.5305,4,kubernetes
9,azure/aks/gpu,azure,aks,gpu,4,usernetes-vs-kubernetes,time_seconds,27.6,4,kubernetes
10,azure/aks/gpu,azure,aks,gpu,4,usernetes-vs-kubernetes,epoch_0_accuracy,0.6874,4,kubernetes
11,azure/aks/gpu,azure,aks,gpu,4,usernetes-vs-kubernetes,epoch_0_loss,0.8287,4,kubernetes
12,azure/aks/gpu,azure,aks,gpu,4,usernetes-vs-kubernetes,epoch_1_accuracy,0.7612,4,kubernetes
13,azure/aks/gpu,azure,aks,gpu,4,usernetes-vs-kubernetes,epoch_1_loss,0.6536,4,kubernetes
14,azure/aks/gpu,azure,aks,gpu,4,usernetes-vs-kubernetes,epoch_2_accuracy,0.7754,4,kubernetes
15,azure/aks/gpu,azure,aks,gpu,4,usernetes-vs-kubernetes,epoch_2_loss,0.5949,4,kubernetes
16,azure/aks/gpu,azure,aks,gpu,4,usernetes-vs-kubernetes,epoch_3_accuracy,0.807,4,kubernetes
17,azure/aks/gpu,azure,aks,gpu,4,usernetes-vs-kubernetes,epoch_3_loss,0.532,4,kubernetes
18,azure/aks/gpu,azure,aks,gpu,4,usernetes-vs-kubernetes,time_seconds,27.41,4,kubernetes
19,azure/aks/gpu,azure,aks,gpu,4,usernetes-vs-kubernetes,epoch_0_accuracy,0.6869,4,kubernetes
20,azure/aks/gpu,azure,aks,gpu,4,usernetes-vs-kubernetes,epoch_0_loss,0.8299,4,kubernetes
21,azure/aks/gpu,azure,aks,gpu,4,usernetes-vs-kubernetes,epoch_1_accuracy,0.7606,4,kubernetes
22,azure/aks/gpu,azure,aks,gpu,4,usernetes-vs-kubernetes,epoch_1_loss,0.6533,4,kubernetes
23,azure/aks/gpu,azure,aks,gpu,4,usernetes-vs-kubernetes,epoch_2_accuracy,0.7761,4,kubernetes
24,azure/aks/gpu,azure,aks,gpu,4,usernetes-vs-kubernetes,epoch_2_loss,0.5943,4,kubernetes
25,azure/aks/gpu,azure,aks,gpu,4,usernetes-vs-kubernetes,epoch_3_accuracy,0.808,4,kubernetes
26,azure/aks/gpu,azure,aks,gpu,4,usernetes-vs-kubernetes,epoch_3_loss,0.5312,4,kubernetes
27,azure/aks/gpu,azure,aks,gpu,4,usernetes-vs-kubernetes,time_seconds,27.45,4,kubernetes
28,azure/aks/gpu,azure,aks,gpu,4,usernetes-vs-kubernetes,epoch_0_accuracy,0.6883,4,kubernetes
29,azure/aks/gpu,azure,aks,gpu,4,usernetes-vs-kubernetes,epoch_0_loss,0.8281,4,kubernetes
30,azure/aks/gpu,azure,aks,gpu,4,usernetes-vs-kubernetes,epoch_1_accuracy,0.7607,4,kubernetes
31,azure/aks/gpu,azure,aks,gpu,4,usernetes-vs-kubernetes,epoch_1_loss,0.6527,4,kubernetes
32,azure/aks/gpu,azure,aks,gpu,4,usernetes-vs-kubernetes,epoch_2_accuracy,0.7753,4,kubernetes
33,azure/aks/gpu,azure,aks,gpu,4,usernetes-vs-kubernetes,epoch_2_loss,0.5943,4,kubernetes
34,azure/aks/gpu,azure,aks,gpu,4,usernetes-vs-kubernetes,epoch_3_accuracy,0.8073,4,kubernetes
35,azure/aks/gpu,azure,aks,gpu,4,usernetes-vs-kubernetes,epoch_3_loss,0.5302,4,kubernetes
36,azure/aks/gpu,azure,aks,gpu,4,usernetes-vs-kubernetes,time_seconds,27.48,4,kubernetes
37,azure/aks/gpu,azure,aks,gpu,4,usernetes-vs-kubernetes,epoch_0_accuracy,0.6867,4,kubernetes
38,azure/aks/gpu,azure,aks,gpu,4,usernetes-vs-kubernetes,epoch_0_loss,0.8297,4,kubernetes
39,azure/aks/gpu,azure,aks,gpu,4,usernetes-vs-kubernetes,epoch_1_accuracy,0.7606,4,kubernetes
40,azure/aks/gpu,azure,aks,gpu,4,usernetes-vs-kubernetes,epoch_1_loss,0.6534,4,kubernetes
41,azure/aks/gpu,azure,aks,gpu,4,usernetes-vs-kubernetes,epoch_2_accuracy,0.7756,4,kubernetes
42,azure/aks/gpu,azure,aks,gpu,4,usernetes-vs-kubernetes,epoch_2_loss,0.5948,4,kubernetes
43,azure/aks/gpu,azure,aks,gpu,4,usernetes-vs-kubernetes,epoch_3_accuracy,0.8074,4,kubernetes
44,azure/aks/gpu,azure,aks,gpu,4,usernetes-vs-kubernetes,epoch_3_loss,0.5313,4,kubernetes
45,azure/aks/gpu,azure,aks,gpu,16,usernetes-vs-kubernetes,time_seconds,27.7,16,kubernetes
46,azure/aks/gpu,azure,aks,gpu,16,usernetes-vs-kubernetes,epoch_0_accuracy,0.687,16,kubernetes
47,azure/aks/gpu,azure,aks,gpu,16,usernetes-vs-kubernetes,epoch_0_loss,0.8289,16,kubernetes
48,azure/aks/gpu,azure,aks,gpu,16,usernetes-vs-kubernetes,epoch_1_accuracy,0.7608,16,kubernetes
49,azure/aks/gpu,azure,aks,gpu,16,usernetes-vs-kubernetes,epoch_1_loss,0.6535,16,kubernetes
50,azure/aks/gpu,azure,aks,gpu,16,usernetes-vs-kubernetes,epoch_2_accuracy,0.7752,16,kubernetes
51,azure/aks/gpu,azure,aks,gpu,16,usernetes-vs-kubernetes,epoch_2_loss,0.5947,16,kubernetes
52,azure/aks/gpu,azure,aks,gpu,16,usernetes-vs-kubernetes,epoch_3_accuracy,0.8072,16,kubernetes
53,azure/aks/gpu,azure,aks,gpu,16,usernetes-vs-kubernetes,epoch_3_loss,0.5317,16,kubernetes
54,azure/aks/gpu,azure,aks,gpu,16,usernetes-vs-kubernetes,time_seconds,27.61,16,kubernetes
55,azure/aks/gpu,azure,aks,gpu,16,usernetes-vs-kubernetes,epoch_0_accuracy,0.6878,16,kubernetes
56,azure/aks/gpu,azure,aks,gpu,16,usernetes-vs-kubernetes,epoch_0_loss,0.8282,16,kubernetes
57,azure/aks/gpu,azure,aks,gpu,16,usernetes-vs-kubernetes,epoch_1_accuracy,0.7611,16,kubernetes
58,azure/aks/gpu,azure,aks,gpu,16,usernetes-vs-kubernetes,epoch_1_loss,0.653,16,kubernetes
59,azure/aks/gpu,azure,aks,gpu,16,usernetes-vs-kubernetes,epoch_2_accuracy,0.7759,16,kubernetes
60,azure/aks/gpu,azure,aks,gpu,16,usernetes-vs-kubernetes,epoch_2_loss,0.5952,16,kubernetes
61,azure/aks/gpu,azure,aks,gpu,16,usernetes-vs-kubernetes,epoch_3_accuracy,0.8069,16,kubernetes
62,azure/aks/gpu,azure,aks,gpu,16,usernetes-vs-kubernetes,epoch_3_loss,0.5315,16,kubernetes
63,azure/aks/gpu,azure,aks,gpu,16,usernetes-vs-kubernetes,time_seconds,27.59,16,kubernetes
64,azure/aks/gpu,azure,aks,gpu,16,usernetes-vs-kubernetes,epoch_0_accuracy,0.6873,16,kubernetes
65,azure/aks/gpu,azure,aks,gpu,16,usernetes-vs-kubernetes,epoch_0_loss,0.8288,16,kubernetes
66,azure/aks/gpu,azure,aks,gpu,16,usernetes-vs-kubernetes,epoch_1_accuracy,0.7606,16,kubernetes
67,azure/aks/gpu,azure,aks,gpu,16,usernetes-vs-kubernetes,epoch_1_loss,0.6531,16,kubernetes
68,azure/aks/gpu,azure,aks,gpu,16,usernetes-vs-kubernetes,epoch_2_accuracy,0.7765,16,kubernetes
69,azure/aks/gpu,azure,aks,gpu,16,usernetes-vs-kubernetes,epoch_2_loss,0.5943,16,kubernetes
70,azure/aks/gpu,azure,aks,gpu,16,usernetes-vs-kubernetes,epoch_3_accuracy,0.807,16,kubernetes
71,azure/aks/gpu,azure,aks,gpu,16,usernetes-vs-kubernetes,epoch_3_loss,0.5319,16,kubernetes
72,azure/aks/gpu,azure,aks,gpu,16,usernetes-vs-kubernetes,time_seconds,27.69,16,kubernetes
73,azure/aks/gpu,azure,aks,gpu,16,usernetes-vs-kubernetes,epoch_0_accuracy,0.6877,16,kubernetes
74,azure/aks/gpu,azure,aks,gpu,16,usernetes-vs-kubernetes,epoch_0_loss,0.8287,16,kubernetes
75,azure/aks/gpu,azure,aks,gpu,16,usernetes-vs-kubernetes,epoch_1_accuracy,0.7615,16,kubernetes
76,azure/aks/gpu,azure,aks,gpu,16,usernetes-vs-kubernetes,epoch_1_loss,0.6528,16,kubernetes
77,azure/aks/gpu,azure,aks,gpu,16,usernetes-vs-kubernetes,epoch_2_accuracy,0.7755,16,kubernetes
78,azure/aks/gpu,azure,aks,gpu,16,usernetes-vs-kubernetes,epoch_2_loss,0.5953,16,kubernetes
79,azure/aks/gpu,azure,aks,gpu,16,usernetes-vs-kubernetes,epoch_3_accuracy,0.8079,16,kubernetes
80,azure/aks/gpu,azure,aks,gpu,16,usernetes-vs-kubernetes,epoch_3_loss,0.531,16,kubernetes
81,azure/aks/gpu,azure,aks,gpu,16,usernetes-vs-kubernetes,time_seconds,27.84,16,kubernetes
82,azure/aks/gpu,azure,aks,gpu,16,usernetes-vs-kubernetes,epoch_0_accuracy,0.687,16,kubernetes
83,azure/aks/gpu,azure,aks,gpu,16,usernetes-vs-kubernetes,epoch_0_loss,0.8296,16,kubernetes
84,azure/aks/gpu,azure,aks,gpu,16,usernetes-vs-kubernetes,epoch_1_accuracy,0.7604,16,kubernetes
85,azure/aks/gpu,azure,aks,gpu,16,usernetes-vs-kubernetes,epoch_1_loss,0.6533,16,kubernetes
86,azure/aks/gpu,azure,aks,gpu,16,usernetes-vs-kubernetes,epoch_2_accuracy,0.7748,16,kubernetes
87,azure/aks/gpu,azure,aks,gpu,16,usernetes-vs-kubernetes,epoch_2_loss,0.5954,16,kubernetes
88,azure/aks/gpu,azure,aks,gpu,16,usernetes-vs-kubernetes,epoch_3_accuracy,0.8066,16,kubernetes
89,azure/aks/gpu,azure,aks,gpu,16,usernetes-vs-kubernetes,epoch_3_loss,0.5315,16,kubernetes
90,azure/aks/gpu,azure,aks,gpu,8,usernetes-vs-kubernetes,time_seconds,28.22,8,kubernetes
91,azure/aks/gpu,azure,aks,gpu,8,usernetes-vs-kubernetes,epoch_0_accuracy,0.6873,8,kubernetes
92,azure/aks/gpu,azure,aks,gpu,8,usernetes-vs-kubernetes,epoch_0_loss,0.8283,8,kubernetes
93,azure/aks/gpu,azure,aks,gpu,8,usernetes-vs-kubernetes,epoch_1_accuracy,0.7613,8,kubernetes
94,azure/aks/gpu,azure,aks,gpu,8,usernetes-vs-kubernetes,epoch_1_loss,0.6535,8,kubernetes
95,azure/aks/gpu,azure,aks,gpu,8,usernetes-vs-kubernetes,epoch_2_accuracy,0.7756,8,kubernetes
96,azure/aks/gpu,azure,aks,gpu,8,usernetes-vs-kubernetes,epoch_2_loss,0.5946,8,kubernetes
97,azure/aks/gpu,azure,aks,gpu,8,usernetes-vs-kubernetes,epoch_3_accuracy,0.8076,8,kubernetes
98,azure/aks/gpu,azure,aks,gpu,8,usernetes-vs-kubernetes,epoch_3_loss,0.5309,8,kubernetes
99,azure/aks/gpu,azure,aks,gpu,8,usernetes-vs-kubernetes,time_seconds,27.96,8,kubernetes
100,azure/aks/gpu,azure,aks,gpu,8,usernetes-vs-kubernetes,epoch_0_accuracy,0.6872,8,kubernetes
101,azure/aks/gpu,azure,aks,gpu,8,usernetes-vs-kubernetes,epoch_0_loss,0.8281,8,kubernetes
102,azure/aks/gpu,azure,aks,gpu,8,usernetes-vs-kubernetes,epoch_1_accuracy,0.7607,8,kubernetes
103,azure/aks/gpu,azure,aks,gpu,8,usernetes-vs-kubernetes,epoch_1_loss,0.6535,8,kubernetes
104,azure/aks/gpu,azure,aks,gpu,8,usernetes-vs-kubernetes,epoch_2_accuracy,0.7753,8,kubernetes
105,azure/aks/gpu,azure,aks,gpu,8,usernetes-vs-kubernetes,epoch_2_loss,0.595,8,kubernetes
106,azure/aks/gpu,azure,aks,gpu,8,usernetes-vs-kubernetes,epoch_3_accuracy,0.8078,8,kubernetes
107,azure/aks/gpu,azure,aks,gpu,8,usernetes-vs-kubernetes,epoch_3_loss,0.5312,8,kubernetes
108,azure/aks/gpu,azure,aks,gpu,8,usernetes-vs-kubernetes,time_seconds,27.53,8,kubernetes
109,azure/aks/gpu,azure,aks,gpu,8,usernetes-vs-kubernetes,epoch_0_accuracy,0.688,8,kubernetes
110,azure/aks/gpu,azure,aks,gpu,8,usernetes-vs-kubernetes,epoch_0_loss,0.8279,8,kubernetes
111,azure/aks/gpu,azure,aks,gpu,8,usernetes-vs-kubernetes,epoch_1_accuracy,0.7604,8,kubernetes
112,azure/aks/gpu,azure,aks,gpu,8,usernetes-vs-kubernetes,epoch_1_loss,0.6532,8,kubernetes
113,azure/aks/gpu,azure,aks,gpu,8,usernetes-vs-kubernetes,epoch_2_accuracy,0.776,8,kubernetes
114,azure/aks/gpu,azure,aks,gpu,8,usernetes-vs-kubernetes,epoch_2_loss,0.5944,8,kubernetes
115,azure/aks/gpu,azure,aks,gpu,8,usernetes-vs-kubernetes,epoch_3_accuracy,0.8073,8,kubernetes
116,azure/aks/gpu,azure,aks,gpu,8,usernetes-vs-kubernetes,epoch_3_loss,0.5316,8,kubernetes
117,azure/aks/gpu,azure,aks,gpu,8,usernetes-vs-kubernetes,time_seconds,27.9,8,kubernetes
118,azure/aks/gpu,azure,aks,gpu,8,usernetes-vs-kubernetes,epoch_0_accuracy,0.6872,8,kubernetes
119,azure/aks/gpu,azure,aks,gpu,8,usernetes-vs-kubernetes,epoch_0_loss,0.8286,8,kubernetes
120,azure/aks/gpu,azure,aks,gpu,8,usernetes-vs-kubernetes,epoch_1_accuracy,0.7612,8,kubernetes
121,azure/aks/gpu,azure,aks,gpu,8,usernetes-vs-kubernetes,epoch_1_loss,0.6533,8,kubernetes
122,azure/aks/gpu,azure,aks,gpu,8,usernetes-vs-kubernetes,epoch_2_accuracy,0.7758,8,kubernetes
123,azure/aks/gpu,azure,aks,gpu,8,usernetes-vs-kubernetes,epoch_2_loss,0.5951,8,kubernetes
124,azure/aks/gpu,azure,aks,gpu,8,usernetes-vs-kubernetes,epoch_3_accuracy,0.8074,8,kubernetes
125,azure/aks/gpu,azure,aks,gpu,8,usernetes-vs-kubernetes,epoch_3_loss,0.5314,8,kubernetes
126,azure/aks/gpu,azure,aks,gpu,8,usernetes-vs-kubernetes,time_seconds,28.04,8,kubernetes
127,azure/aks/gpu,azure,aks,gpu,8,usernetes-vs-kubernetes,epoch_0_accuracy,0.6878,8,kubernetes
128,azure/aks/gpu,azure,aks,gpu,8,usernetes-vs-kubernetes,epoch_0_loss,0.8278,8,kubernetes
129,azure/aks/gpu,azure,aks,gpu,8,usernetes-vs-kubernetes,epoch_1_accuracy,0.7606,8,kubernetes
130,azure/aks/gpu,azure,aks,gpu,8,usernetes-vs-kubernetes,epoch_1_loss,0.6529,8,kubernetes
131,azure/aks/gpu,azure,aks,gpu,8,usernetes-vs-kubernetes,epoch_2_accuracy,0.7751,8,kubernetes
132,azure/aks/gpu,azure,aks,gpu,8,usernetes-vs-kubernetes,epoch_2_loss,0.5947,8,kubernetes
133,azure/aks/gpu,azure,aks,gpu,8,usernetes-vs-kubernetes,epoch_3_accuracy,0.8072,8,kubernetes
134,azure/aks/gpu,azure,aks,gpu,8,usernetes-vs-kubernetes,epoch_3_loss,0.5315,8,kubernetes
135,azure/usernetes/gpu,azure,usernetes,gpu,4,usernetes-vs-kubernetes,time_seconds,28.28,4,usernetes
136,azure/usernetes/gpu,azure,usernetes,gpu,4,usernetes-vs-kubernetes,epoch_0_accuracy,0.6868,4,usernetes
137,azure/usernetes/gpu,azure,usernetes,gpu,4,usernetes-vs-kubernetes,epoch_0_loss,0.8297,4,usernetes
138,azure/usernetes/gpu,azure,usernetes,gpu,4,usernetes-vs-kubernetes,epoch_1_accuracy,0.7616,4,usernetes
139,azure/usernetes/gpu,azure,usernetes,gpu,4,usernetes-vs-kubernetes,epoch_1_loss,0.6531,4,usernetes
140,azure/usernetes/gpu,azure,usernetes,gpu,4,usernetes-vs-kubernetes,epoch_2_accuracy,0.7756,4,usernetes
141,azure/usernetes/gpu,azure,usernetes,gpu,4,usernetes-vs-kubernetes,epoch_2_loss,0.5944,4,usernetes
142,azure/usernetes/gpu,azure,usernetes,gpu,4,usernetes-vs-kubernetes,epoch_3_accuracy,0.807,4,usernetes
143,azure/usernetes/gpu,azure,usernetes,gpu,4,usernetes-vs-kubernetes,epoch_3_loss,0.5311,4,usernetes
144,azure/usernetes/gpu,azure,usernetes,gpu,4,usernetes-vs-kubernetes,time_seconds,28.5,4,usernetes
145,azure/usernetes/gpu,azure,usernetes,gpu,4,usernetes-vs-kubernetes,epoch_0_accuracy,0.6865,4,usernetes
146,azure/usernetes/gpu,azure,usernetes,gpu,4,usernetes-vs-kubernetes,epoch_0_loss,0.8291,4,usernetes
147,azure/usernetes/gpu,azure,usernetes,gpu,4,usernetes-vs-kubernetes,epoch_1_accuracy,0.761,4,usernetes
148,azure/usernetes/gpu,azure,usernetes,gpu,4,usernetes-vs-kubernetes,epoch_1_loss,0.6534,4,usernetes
149,azure/usernetes/gpu,azure,usernetes,gpu,4,usernetes-vs-kubernetes,epoch_2_accuracy,0.7754,4,usernetes
150,azure/usernetes/gpu,azure,usernetes,gpu,4,usernetes-vs-kubernetes,epoch_2_loss,0.5953,4,usernetes
151,azure/usernetes/gpu,azure,usernetes,gpu,4,usernetes-vs-kubernetes,epoch_3_accuracy,0.8074,4,usernetes
152,azure/usernetes/gpu,azure,usernetes,gpu,4,usernetes-vs-kubernetes,epoch_3_loss,0.5312,4,usernetes
153,azure/usernetes/gpu,azure,usernetes,gpu,4,usernetes-vs-kubernetes,time_seconds,28.7,4,usernetes
154,azure/usernetes/gpu,azure,usernetes,gpu,4,usernetes-vs-kubernetes,epoch_0_accuracy,0.6871,4,usernetes
155,azure/usernetes/gpu,azure,usernetes,gpu,4,usernetes-vs-kubernetes,epoch_0_loss,0.8287,4,usernetes
156,azure/usernetes/gpu,azure,usernetes,gpu,4,usernetes-vs-kubernetes,epoch_1_accuracy,0.7604,4,usernetes
157,azure/usernetes/gpu,azure,usernetes,gpu,4,usernetes-vs-kubernetes,epoch_1_loss,0.6528,4,usernetes
158,azure/usernetes/gpu,azure,usernetes,gpu,4,usernetes-vs-kubernetes,epoch_2_accuracy,0.7749,4,usernetes
159,azure/usernetes/gpu,azure,usernetes,gpu,4,usernetes-vs-kubernetes,epoch_2_loss,0.5956,4,usernetes
160,azure/usernetes/gpu,azure,usernetes,gpu,4,usernetes-vs-kubernetes,epoch_3_accuracy,0.8076,4,usernetes
161,azure/usernetes/gpu,azure,usernetes,gpu,4,usernetes-vs-kubernetes,epoch_3_loss,0.5307,4,usernetes
162,azure/usernetes/gpu,azure,usernetes,gpu,4,usernetes-vs-kubernetes,time_seconds,28.11,4,usernetes
163,azure/usernetes/gpu,azure,usernetes,gpu,4,usernetes-vs-kubernetes,epoch_0_accuracy,0.6874,4,usernetes
164,azure/usernetes/gpu,azure,usernetes,gpu,4,usernetes-vs-kubernetes,epoch_0_loss,0.8283,4,usernetes
165,azure/usernetes/gpu,azure,usernetes,gpu,4,usernetes-vs-kubernetes,epoch_1_accuracy,0.7609,4,usernetes
166,azure/usernetes/gpu,azure,usernetes,gpu,4,usernetes-vs-kubernetes,epoch_1_loss,0.6531,4,usernetes
167,azure/usernetes/gpu,azure,usernetes,gpu,4,usernetes-vs-kubernetes,epoch_2_accuracy,0.7762,4,usernetes
168,azure/usernetes/gpu,azure,usernetes,gpu,4,usernetes-vs-kubernetes,epoch_2_loss,0.5947,4,usernetes
169,azure/usernetes/gpu,azure,usernetes,gpu,4,usernetes-vs-kubernetes,epoch_3_accuracy,0.8067,4,usernetes
170,azure/usernetes/gpu,azure,usernetes,gpu,4,usernetes-vs-kubernetes,epoch_3_loss,0.5311,4,usernetes
171,azure/usernetes/gpu,azure,usernetes,gpu,4,usernetes-vs-kubernetes,time_seconds,28.21,4,usernetes
172,azure/usernetes/gpu,azure,usernetes,gpu,4,usernetes-vs-kubernetes,epoch_0_accuracy,0.687,4,usernetes
173,azure/usernetes/gpu,azure,usernetes,gpu,4,usernetes-vs-kubernetes,epoch_0_loss,0.8289,4,usernetes
174,azure/usernetes/gpu,azure,usernetes,gpu,4,usernetes-vs-kubernetes,epoch_1_accuracy,0.761,4,usernetes
175,azure/usernetes/gpu,azure,usernetes,gpu,4,usernetes-vs-kubernetes,epoch_1_loss,0.6532,4,usernetes
176,azure/usernetes/gpu,azure,usernetes,gpu,4,usernetes-vs-kubernetes,epoch_2_accuracy,0.7758,4,usernetes
177,azure/usernetes/gpu,azure,usernetes,gpu,4,usernetes-vs-kubernetes,epoch_2_loss,0.5952,4,usernetes
178,azure/usernetes/gpu,azure,usernetes,gpu,4,usernetes-vs-kubernetes,epoch_3_accuracy,0.8076,4,usernetes
179,azure/usernetes/gpu,azure,usernetes,gpu,4,usernetes-vs-kubernetes,epoch_3_loss,0.5307,4,usernetes
180,azure/usernetes/gpu,azure,usernetes,gpu,16,usernetes-vs-kubernetes,time_seconds,28.56,16,usernetes
181,azure/usernetes/gpu,azure,usernetes,gpu,16,usernetes-vs-kubernetes,epoch_0_accuracy,0.6874,16,usernetes
182,azure/usernetes/gpu,azure,usernetes,gpu,16,usernetes-vs-kubernetes,epoch_0_loss,0.8287,16,usernetes
183,azure/usernetes/gpu,azure,usernetes,gpu,16,usernetes-vs-kubernetes,epoch_1_accuracy,0.7614,16,usernetes
184,azure/usernetes/gpu,azure,usernetes,gpu,16,usernetes-vs-kubernetes,epoch_1_loss,0.6531,16,usernetes
185,azure/usernetes/gpu,azure,usernetes,gpu,16,usernetes-vs-kubernetes,epoch_2_accuracy,0.7762,16,usernetes
186,azure/usernetes/gpu,azure,usernetes,gpu,16,usernetes-vs-kubernetes,epoch_2_loss,0.5943,16,usernetes
187,azure/usernetes/gpu,azure,usernetes,gpu,16,usernetes-vs-kubernetes,epoch_3_accuracy,0.8071,16,usernetes
188,azure/usernetes/gpu,azure,usernetes,gpu,16,usernetes-vs-kubernetes,epoch_3_loss,0.5307,16,usernetes
189,azure/usernetes/gpu,azure,usernetes,gpu,16,usernetes-vs-kubernetes,time_seconds,28.56,16,usernetes
190,azure/usernetes/gpu,azure,usernetes,gpu,16,usernetes-vs-kubernetes,epoch_0_accuracy,0.6874,16,usernetes
191,azure/usernetes/gpu,azure,usernetes,gpu,16,usernetes-vs-kubernetes,epoch_0_loss,0.8281,16,usernetes
192,azure/usernetes/gpu,azure,usernetes,gpu,16,usernetes-vs-kubernetes,epoch_1_accuracy,0.7607,16,usernetes
193,azure/usernetes/gpu,azure,usernetes,gpu,16,usernetes-vs-kubernetes,epoch_1_loss,0.6532,16,usernetes
194,azure/usernetes/gpu,azure,usernetes,gpu,16,usernetes-vs-kubernetes,epoch_2_accuracy,0.7762,16,usernetes
195,azure/usernetes/gpu,azure,usernetes,gpu,16,usernetes-vs-kubernetes,epoch_2_loss,0.5949,16,usernetes
196,azure/usernetes/gpu,azure,usernetes,gpu,16,usernetes-vs-kubernetes,epoch_3_accuracy,0.8074,16,usernetes
197,azure/usernetes/gpu,azure,usernetes,gpu,16,usernetes-vs-kubernetes,epoch_3_loss,0.5313,16,usernetes
198,azure/usernetes/gpu,azure,usernetes,gpu,16,usernetes-vs-kubernetes,time_seconds,28.41,16,usernetes
199,azure/usernetes/gpu,azure,usernetes,gpu,16,usernetes-vs-kubernetes,epoch_0_accuracy,0.688,16,usernetes
200,azure/usernetes/gpu,azure,usernetes,gpu,16,usernetes-vs-kubernetes,epoch_0_loss,0.8273,16,usernetes
201,azure/usernetes/gpu,azure,usernetes,gpu,16,usernetes-vs-kubernetes,epoch_1_accuracy,0.761,16,usernetes
202,azure/usernetes/gpu,azure,usernetes,gpu,16,usernetes-vs-kubernetes,epoch_1_loss,0.6529,16,usernetes
203,azure/usernetes/gpu,azure,usernetes,gpu,16,usernetes-vs-kubernetes,epoch_2_accuracy,0.7756,16,usernetes
204,azure/usernetes/gpu,azure,usernetes,gpu,16,usernetes-vs-kubernetes,epoch_2_loss,0.5947,16,usernetes
205,azure/usernetes/gpu,azure,usernetes,gpu,16,usernetes-vs-kubernetes,epoch_3_accuracy,0.8076,16,usernetes
206,azure/usernetes/gpu,azure,usernetes,gpu,16,usernetes-vs-kubernetes,epoch_3_loss,0.5316,16,usernetes
207,azure/usernetes/gpu,azure,usernetes,gpu,16,usernetes-vs-kubernetes,time_seconds,28.56,16,usernetes
208,azure/usernetes/gpu,azure,usernetes,gpu,16,usernetes-vs-kubernetes,epoch_0_accuracy,0.6869,16,usernetes
209,azure/usernetes/gpu,azure,usernetes,gpu,16,usernetes-vs-kubernetes,epoch_0_loss,0.8296,16,usernetes
210,azure/usernetes/gpu,azure,usernetes,gpu,16,usernetes-vs-kubernetes,epoch_1_accuracy,0.7612,16,usernetes
211,azure/usernetes/gpu,azure,usernetes,gpu,16,usernetes-vs-kubernetes,epoch_1_loss,0.6536,16,usernetes
212,azure/usernetes/gpu,azure,usernetes,gpu,16,usernetes-vs-kubernetes,epoch_2_accuracy,0.7754,16,usernetes
213,azure/usernetes/gpu,azure,usernetes,gpu,16,usernetes-vs-kubernetes,epoch_2_loss,0.5951,16,usernetes
214,azure/usernetes/gpu,azure,usernetes,gpu,16,usernetes-vs-kubernetes,epoch_3_accuracy,0.8065,16,usernetes
215,azure/usernetes/gpu,azure,usernetes,gpu,16,usernetes-vs-kubernetes,epoch_3_loss,0.5318,16,usernetes
216,azure/usernetes/gpu,azure,usernetes,gpu,16,usernetes-vs-kubernetes,time_seconds,28.78,16,usernetes
217,azure/usernetes/gpu,azure,usernetes,gpu,16,usernetes-vs-kubernetes,epoch_0_accuracy,0.6871,16,usernetes
218,azure/usernetes/gpu,azure,usernetes,gpu,16,usernetes-vs-kubernetes,epoch_0_loss,0.8298,16,usernetes
219,azure/usernetes/gpu,azure,usernetes,gpu,16,usernetes-vs-kubernetes,epoch_1_accuracy,0.7606,16,usernetes
220,azure/usernetes/gpu,azure,usernetes,gpu,16,usernetes-vs-kubernetes,epoch_1_loss,0.6532,16,usernetes
221,azure/usernetes/gpu,azure,usernetes,gpu,16,usernetes-vs-kubernetes,epoch_2_accuracy,0.776,16,usernetes
222,azure/usernetes/gpu,azure,usernetes,gpu,16,usernetes-vs-kubernetes,epoch_2_loss,0.594,16,usernetes
223,azure/usernetes/gpu,azure,usernetes,gpu,16,usernetes-vs-kubernetes,epoch_3_accuracy,0.8073,16,usernetes
224,azure/usernetes/gpu,azure,usernetes,gpu,16,usernetes-vs-kubernetes,epoch_3_loss,0.5313,16,usernetes
225,azure/usernetes/gpu,azure,usernetes,gpu,8,usernetes-vs-kubernetes,time_seconds,28.46,8,usernetes
226,azure/usernetes/gpu,azure,usernetes,gpu,8,usernetes-vs-kubernetes,epoch_0_accuracy,0.687,8,usernetes
227,azure/usernetes/gpu,azure,usernetes,gpu,8,usernetes-vs-kubernetes,epoch_0_loss,0.8286,8,usernetes
228,azure/usernetes/gpu,azure,usernetes,gpu,8,usernetes-vs-kubernetes,epoch_1_accuracy,0.7605,8,usernetes
229,azure/usernetes/gpu,azure,usernetes,gpu,8,usernetes-vs-kubernetes,epoch_1_loss,0.6529,8,usernetes
230,azure/usernetes/gpu,azure,usernetes,gpu,8,usernetes-vs-kubernetes,epoch_2_accuracy,0.7758,8,usernetes
231,azure/usernetes/gpu,azure,usernetes,gpu,8,usernetes-vs-kubernetes,epoch_2_loss,0.5955,8,usernetes
232,azure/usernetes/gpu,azure,usernetes,gpu,8,usernetes-vs-kubernetes,epoch_3_accuracy,0.8073,8,usernetes
233,azure/usernetes/gpu,azure,usernetes,gpu,8,usernetes-vs-kubernetes,epoch_3_loss,0.5318,8,usernetes
234,azure/usernetes/gpu,azure,usernetes,gpu,8,usernetes-vs-kubernetes,time_seconds,28.62,8,usernetes
235,azure/usernetes/gpu,azure,usernetes,gpu,8,usernetes-vs-kubernetes,epoch_0_accuracy,0.6876,8,usernetes
236,azure/usernetes/gpu,azure,usernetes,gpu,8,usernetes-vs-kubernetes,epoch_0_loss,0.8282,8,usernetes
237,azure/usernetes/gpu,azure,usernetes,gpu,8,usernetes-vs-kubernetes,epoch_1_accuracy,0.7611,8,usernetes
238,azure/usernetes/gpu,azure,usernetes,gpu,8,usernetes-vs-kubernetes,epoch_1_loss,0.6526,8,usernetes
239,azure/usernetes/gpu,azure,usernetes,gpu,8,usernetes-vs-kubernetes,epoch_2_accuracy,0.7759,8,usernetes
240,azure/usernetes/gpu,azure,usernetes,gpu,8,usernetes-vs-kubernetes,epoch_2_loss,0.595,8,usernetes
241,azure/usernetes/gpu,azure,usernetes,gpu,8,usernetes-vs-kubernetes,epoch_3_accuracy,0.8065,8,usernetes
242,azure/usernetes/gpu,azure,usernetes,gpu,8,usernetes-vs-kubernetes,epoch_3_loss,0.5316,8,usernetes
243,azure/usernetes/gpu,azure,usernetes,gpu,8,usernetes-vs-kubernetes,time_seconds,28.64,8,usernetes
244,azure/usernetes/gpu,azure,usernetes,gpu,8,usernetes-vs-kubernetes,epoch_0_accuracy,0.6871,8,usernetes
245,azure/usernetes/gpu,azure,usernetes,gpu,8,usernetes-vs-kubernetes,epoch_0_loss,0.8285,8,usernetes
246,azure/usernetes/gpu,azure,usernetes,gpu,8,usernetes-vs-kubernetes,epoch_1_accuracy,0.7608,8,usernetes
247,azure/usernetes/gpu,azure,usernetes,gpu,8,usernetes-vs-kubernetes,epoch_1_loss,0.6534,8,usernetes
248,azure/usernetes/gpu,azure,usernetes,gpu,8,usernetes-vs-kubernetes,epoch_2_accuracy,0.7758,8,usernetes
249,azure/usernetes/gpu,azure,usernetes,gpu,8,usernetes-vs-kubernetes,epoch_2_loss,0.595,8,usernetes
250,azure/usernetes/gpu,azure,usernetes,gpu,8,usernetes-vs-kubernetes,epoch_3_accuracy,0.8079,8,usernetes
251,azure/usernetes/gpu,azure,usernetes,gpu,8,usernetes-vs-kubernetes,epoch_3_loss,0.5306,8,usernetes
252,azure/usernetes/gpu,azure,usernetes,gpu,8,usernetes-vs-kubernetes,time_seconds,28.83,8,usernetes
253,azure/usernetes/gpu,azure,usernetes,gpu,8,usernetes-vs-kubernetes,epoch_0_accuracy,0.6868,8,usernetes
254,azure/usernetes/gpu,azure,usernetes,gpu,8,usernetes-vs-kubernetes,epoch_0_loss,0.83,8,usernetes
255,azure/usernetes/gpu,azure,usernetes,gpu,8,usernetes-vs-kubernetes,epoch_1_accuracy,0.7614,8,usernetes
256,azure/usernetes/gpu,azure,usernetes,gpu,8,usernetes-vs-kubernetes,epoch_1_loss,0.6526,8,usernetes
257,azure/usernetes/gpu,azure,usernetes,gpu,8,usernetes-vs-kubernetes,epoch_2_accuracy,0.7747,8,usernetes
258,azure/usernetes/gpu,azure,usernetes,gpu,8,usernetes-vs-kubernetes,epoch_2_loss,0.5963,8,usernetes
259,azure/usernetes/gpu,azure,usernetes,gpu,8,usernetes-vs-kubernetes,epoch_3_accuracy,0.8071,8,usernetes
260,azure/usernetes/gpu,azure,usernetes,gpu,8,usernetes-vs-kubernetes,epoch_3_loss,0.532,8,usernetes
261,azure/usernetes/gpu,azure,usernetes,gpu,8,usernetes-vs-kubernetes,time_seconds,28.51,8,usernetes
262,azure/usernetes/gpu,azure,usernetes,gpu,8,usernetes-vs-kubernetes,epoch_0_accuracy,0.6871,8,usernetes
263,azure/usernetes/gpu,azure,usernetes,gpu,8,usernetes-vs-kubernetes,epoch_0_loss,0.8293,8,usernetes
264,azure/usernetes/gpu,azure,usernetes,gpu,8,usernetes-vs-kubernetes,epoch_1_accuracy,0.7606,8,usernetes
265,azure/usernetes/gpu,azure,usernetes,gpu,8,usernetes-vs-kubernetes,epoch_1_loss,0.6531,8,usernetes
266,azure/usernetes/gpu,azure,usernetes,gpu,8,usernetes-vs-kubernetes,epoch_2_accuracy,0.7751,8,usernetes
267,azure/usernetes/gpu,azure,usernetes,gpu,8,usernetes-vs-kubernetes,epoch_2_loss,0.5946,8,usernetes
268,azure/usernetes/gpu,azure,usernetes,gpu,8,usernetes-vs-kubernetes,epoch_3_accuracy,0.8071,8,usernetes
269,azure/usernetes/gpu,azure,usernetes,gpu,8,usernetes-vs-kubernetes,epoch_3_loss,0.5316,8,usernetes
